usuario_id,region,mes,entrante
1,1,1,413
1,1,3,223
1,1,4,206
1,1,5,179
1,1,6,114
1,1,7,379
1,1,8,431
1,1,9,279
1,1,11,352
1,1,12,281
1,2,1,1220
1,2,3,785
1,2,4,872
1,2,5,1154
1,2,6,916
1,2,7,1134
1,2,9,1443
1,2,10,1127
1,2,11,1220
1,2,12,1412
2,1,1,471
2,1,2,681
2,1,3,751
2,1,4,532
2,1,5,680
2,1,6,210
2,1,7,542
2,1,8,473
2,1,10,29
2,1,11,281
2,1,12,335
2,2,1,1222
2,2,2,1273
2,2,3,843
2,2,5,879
2,2,6,1422
2,2,7,1479
2,2,8,1340
2,2,9,1310
2,2,11,1585
2,2,12,1263
3,1,1,752
3,1,2,453
3,1,3,725
3,1,4,503
3,1,5,276
3,1,6,338
3,1,7,123
3,1,8,343
3,1,9,313
3,1,10,101
3,1,11,277
3,1,12,213
3,2,1,1001
3,2,2,1326
3,2,3,1345
3,2,4,1198
3,2,5,1316
3,2,6,1024
3,2,7,1722
3,2,8,1185
3,2,9,1669
3,2,10,1518
3,2,11,1763
3,2,12,1259
4,1,1,575
4,1,2,450
4,1,3,626
4,1,4,610
4,1,5,555
4,1,7,681
4,1,8,255
4,1,9,200
4,1,10,231
4,1,12,335
4,2,1,842
4,2,2,1165
4,2,3,612
4,2,4,794
4,2,5,981
4,2,6,1131
4,2,7,1469
4,2,8,1125
4,2,9,797
4,2,11,848
4,2,12,1244
5,1,1,610
5,1,2,386
5,1,5,368
5,1,6,415
5,1,7,405
5,1,8,321
5,1,9,112
5,1,12,297
5,2,1,1009
5,2,2,1050
5,2,3,1319
5,2,4,1177
5,2,5,1673
5,2,6,1292
5,2,7,945
5,2,8,833
5,2,9,1489
5,2,11,1952
5,2,12,1393
6,1,1,448
6,1,2,595
6,1,3,386
6,1,4,239
6,1,5,518
6,1,6,454
6,1,7,109
6,1,8,557
6,1,9,306
6,1,10,196
6,1,11,438
6,1,12,159
6,2,1,1079
6,2,2,1130
6,2,3,971
6,2,4,1007
6,2,5,901
6,2,6,977
6,2,7,1468
6,2,8,1055
6,2,9,1165
6,2,10,1732
6,2,11,1561
6,2,12,1312
7,1,1,573
7,1,2,350
7,1,3,451
7,1,4,432
7,1,5,677
7,1,7,498
7,1,8,348
7,1,9,187
7,1,10,293
7,1,11,415
7,2,1,935
7,2,2,1107
7,2,3,985
7,2,4,912
7,2,5,1059
7,2,6,1027
7,2,7,1141
7,2,8,1262
7,2,9,1304
7,2,10,1308
7,2,11,1391
7,2,12,1627
8,1,1,755
8,1,3,348
8,1,4,417
8,1,5,421
8,1,6,205
8,1,7,340
8,1,8,409
8,1,9,200
8,1,10,361
8,1,11,321
8,1,12,74
8,2,2,1516
8,2,3,838
8,2,4,1132
8,2,5,777
8,2,6,1266
8,2,7,1106
8,2,8,1423
8,2,9,1458
8,2,10,1443
8,2,11,1369
8,2,12,1310
9,1,1,201
9,1,2,407
9,1,3,595
9,1,4,537
9,1,5,342
9,1,6,270
9,1,7,204
9,1,8,277
9,1,9,257
9,1,10,57
9,1,11,310
9,1,12,73
9,2,1,1069
9,2,3,926
9,2,4,904
9,2,5,1358
9,2,7,1378
9,2,8,1170
9,2,9,911
9,2,10,1315
9,2,11,1664
9,2,12,1500
10,1,2,670
10,1,3,322
10,1,4,541
10,1,5,480
10,1,6,460
10,1,7,280
10,1,8,337
10,1,9,407
10,1,10,198
10,1,11,340
10,1,12,452
10,2,1,1153
10,2,2,983
10,2,3,965
10,2,4,841
10,2,5,1112
10,2,6,1093
10,2,7,1259
10,2,8,1241
10,2,9,1092
10,2,10,1023
10,2,11,1720
10,2,12,1511
11,1,1,440
11,1,2,566
11,1,3,308
11,1,4,796
11,1,6,672
11,1,7,302
11,1,10,142
11,1,11,296
11,1,12,464
11,2,1,480
11,2,2,1100
11,2,3,1431
11,2,4,967
11,2,5,647
11,2,6,1411
11,2,7,1412
11,2,8,1003
11,2,9,1026
11,2,10,1588
11,2,11,1434
11,2,12,934
12,1,1,427
12,1,2,533
12,1,3,530
12,1,5,564
12,1,6,412
12,1,7,577
12,1,8,454
12,1,10,284
12,1,11,278
12,1,12,437
12,2,1,962
12,2,2,1642
12,2,4,1002
12,2,5,1336
12,2,6,1158
12,2,9,1022
12,2,11,1170
12,2,12,1692
13,1,1,660
13,1,2,571
13,1,3,684
13,1,4,559
13,1,5,382
13,1,6,590
13,1,7,373
13,1,8,329
13,1,9,344
13,1,11,341
13,1,12,321
13,2,1,632
13,2,2,1246
13,2,3,982
13,2,4,892
13,2,5,1544
13,2,6,1055
13,2,7,1366
13,2,8,1170
13,2,9,936
13,2,10,1087
13,2,11,1390
13,2,12,1572
14,1,2,471
14,1,4,557
14,1,5,174
14,1,6,594
14,1,7,450
14,1,8,394
14,1,9,290
14,1,10,202
14,1,11,326
14,1,12,519
14,2,1,980
14,2,2,972
14,2,3,922
14,2,4,678
14,2,5,1026
14,2,6,1336
14,2,7,1272
14,2,8,1870
14,2,9,1021
14,2,12,1815
15,1,1,540
15,1,2,691
15,1,3,631
15,1,4,566
15,1,6,282
15,1,7,578
15,1,8,676
15,1,9,153
15,1,10,348
15,1,11,408
15,1,12,95
15,2,1,881
15,2,2,1016
15,2,3,881
15,2,4,1303
15,2,5,759
15,2,8,1490
15,2,9,1344
15,2,10,1556
15,2,11,1445
15,2,12,1551
16,1,1,508
16,1,2,532
16,1,3,757
16,1,4,214
16,1,5,357
16,1,6,644
16,1,7,545
16,1,8,408
16,1,10,259
16,1,11,230
16,1,12,206
16,2,1,1268
16,2,2,1005
16,2,3,966
16,2,4,1216
16,2,5,1288
16,2,6,1204
16,2,7,1235
16,2,8,1131
16,2,9,1291
16,2,10,1362
16,2,11,1559
17,1,1,554
17,1,2,418
17,1,3,704
17,1,4,300
17,1,5,514
17,1,6,409
17,1,7,420
17,1,9,168
17,1,10,112
17,1,11,345
17,1,12,225
17,2,1,1022
17,2,2,898
17,2,3,777
17,2,4,992
17,2,5,904
17,2,6,1285
17,2,7,1112
17,2,8,1314
17,2,9,1727
17,2,10,1392
17,2,11,1987
17,2,12,1786
18,1,1,552
18,1,2,407
18,1,3,270
18,1,4,120
18,1,5,307
18,1,6,388
18,1,7,474
18,1,8,418
18,1,9,384
18,1,10,263
18,1,11,401
18,1,12,237
18,2,3,1398
18,2,4,929
18,2,5,898
18,2,6,994
18,2,7,1028
18,2,8,1085
18,2,9,986
18,2,10,1479
18,2,11,1563
18,2,12,1405
19,1,1,433
19,1,2,422
19,1,3,536
19,1,4,526
19,1,5,359
19,1,6,423
19,1,7,377
19,1,8,294
19,1,9,268
19,1,10,280
19,1,11,288
19,1,12,242
19,2,1,1181
19,2,2,999
19,2,3,911
19,2,4,938
19,2,5,1363
19,2,6,1218
19,2,7,1083
19,2,8,1255
19,2,9,1256
19,2,10,906
19,2,11,1111
19,2,12,1069
20,1,1,825
20,1,2,888
20,1,3,243
20,1,4,493
20,1,5,457
20,1,6,274
20,1,7,304
20,1,8,516
20,1,9,216
20,1,10,175
20,1,11,151
20,1,12,165
20,2,1,1093
20,2,2,1378
20,2,3,1071
20,2,4,1082
20,2,5,855
20,2,6,1366
20,2,7,1461
20,2,8,1407
20,2,9,1591
20,2,10,1736
20,2,12,1361
21,1,1,460
21,1,2,432
21,1,3,660
21,1,4,192
21,1,6,684
21,1,7,482
21,1,8,595
21,1,9,478
21,1,10,115
21,1,11,222
21,1,12,329
21,2,2,1279
21,2,4,814
21,2,5,1256
21,2,6,877
21,2,8,999
21,2,9,1601
21,2,10,1107
21,2,11,1423
21,2,12,1178
22,1,1,551
22,1,2,308
22,1,4,286
22,1,5,194
22,1,8,261
22,1,9,262
22,1,10,264
22,1,11,194
22,1,12,217
22,2,1,1047
22,2,2,1265
22,2,3,1139
22,2,4,896
22,2,5,721
22,2,6,1379
22,2,7,1129
22,2,8,1376
22,2,9,1387
22,2,12,1273
23,1,1,469
23,1,2,465
23,1,3,447
23,1,4,358
23,1,5,365
23,1,6,549
23,1,7,348
23,1,8,445
23,1,9,413
23,1,10,381
23,1,11,286
23,1,12,209
23,2,1,901
23,2,2,759
23,2,3,1324
23,2,5,1242
23,2,6,944
23,2,7,1325
23,2,9,1436
23,2,10,1437
23,2,12,1249
24,1,1,590
24,1,2,350
24,1,3,660
24,1,4,324
24,1,5,156
24,1,6,330
24,1,7,493
24,1,8,491
24,1,9,76
24,1,10,157
24,1,11,126
24,1,12,260
24,2,1,1189
24,2,2,1157
24,2,3,1271
24,2,4,1171
24,2,5,798
24,2,6,1448
24,2,7,836
24,2,8,1086
24,2,9,1137
24,2,10,991
24,2,11,1676
24,2,12,1304
25,1,1,492
25,1,2,340
25,1,3,394
25,1,4,373
25,1,5,322
25,1,6,350
25,1,8,497
25,1,9,676
25,1,10,234
25,1,12,276
25,2,1,1167
25,2,2,1259
25,2,3,1013
25,2,4,618
25,2,5,1109
25,2,6,1003
25,2,8,1414
25,2,9,846
25,2,10,1216
25,2,11,2154
25,2,12,1058
26,1,1,416
26,1,2,636
26,1,3,643
26,1,4,419
26,1,5,208
26,1,6,588
26,1,8,366
26,1,9,526
26,1,10,311
26,1,11,308
26,1,12,385
26,2,1,744
26,2,2,804
26,2,4,917
26,2,5,957
26,2,6,1306
26,2,7,1275
26,2,8,1521
26,2,9,1218
26,2,10,1526
26,2,11,1518
26,2,12,997
27,1,2,381
27,1,3,601
27,1,4,391
27,1,6,439
27,1,7,530
27,1,8,426
27,1,9,312
27,1,10,356
27,1,11,429
27,1,12,363
27,2,2,620
27,2,3,900
27,2,4,865
27,2,6,1340
27,2,8,1623
27,2,9,1296
27,2,10,1273
27,2,11,1587
27,2,12,1072
28,1,1,473
28,1,2,668
28,1,3,325
28,1,4,393
28,1,5,500
28,1,7,604
28,1,8,513
28,1,9,384
28,1,10,494
28,1,11,351
28,1,12,638
28,2,1,1061
28,2,2,1323
28,2,3,1250
28,2,4,883
28,2,5,1278
28,2,7,1273
28,2,8,1292
28,2,9,1600
28,2,10,1566
28,2,11,1359
28,2,12,1512
29,1,1,689
29,1,2,583
29,1,3,417
29,1,4,320
29,1,5,298
29,1,6,361
29,1,7,522
29,1,8,338
29,1,9,124
29,1,11,220
29,1,12,645
29,2,2,1366
29,2,3,919
29,2,4,1198
29,2,6,971
29,2,7,1478
29,2,8,1588
29,2,9,1647
29,2,10,1640
29,2,11,1133
29,2,12,1886
30,1,1,396
30,1,2,556
30,1,3,357
30,1,4,587
30,1,5,271
30,1,6,327
30,1,7,600
30,1,8,340
30,1,9,228
30,1,11,499
30,1,12,231
30,2,1,1049
30,2,2,1079
30,2,3,919
30,2,4,970
30,2,5,1311
30,2,6,1130
30,2,8,1248
30,2,9,1423
30,2,10,1268
30,2,11,1444
30,2,12,1270
31,1,2,530
31,1,3,417
31,1,4,271
31,1,5,521
31,1,6,527
31,1,7,469
31,1,8,743
31,1,9,108
31,1,10,261
31,1,11,366
31,1,12,538
31,2,1,1171
31,2,2,1291
31,2,3,1005
31,2,4,918
31,2,5,955
31,2,6,1258
31,2,7,1201
31,2,9,1508
31,2,10,1391
31,2,12,1214
32,1,1,627
32,1,2,361
32,1,3,596
32,1,4,316
32,1,6,393
32,1,7,327
32,1,8,220
32,1,9,340
32,1,10,141
32,1,11,129
32,2,1,690
32,2,2,684
32,2,3,969
32,2,4,836
32,2,5,1204
32,2,6,1163
32,2,7,1343
32,2,8,1398
32,2,9,1179
32,2,10,1508
32,2,11,1725
32,2,12,1064
33,1,1,771
33,1,2,259
33,1,3,421
33,1,5,485
33,1,7,564
33,1,8,412
33,1,9,248
33,1,10,269
33,1,12,291
33,2,3,1494
33,2,4,960
33,2,5,1402
33,2,6,1167
33,2,7,1180
33,2,8,1196
33,2,9,1256
33,2,10,1148
33,2,11,1422
33,2,12,2150
34,1,1,698
34,1,2,572
34,1,3,416
34,1,4,432
34,1,5,523
34,1,6,531
34,1,7,296
34,1,8,646
34,1,9,361
34,1,10,268
34,1,11,525
34,1,12,72
34,2,1,1046
34,2,2,951
34,2,3,1175
34,2,4,713
34,2,5,498
34,2,6,1330
34,2,8,940
34,2,9,1563
34,2,10,1636
34,2,11,1586
34,2,12,1275
35,1,1,630
35,1,2,496
35,1,3,279
35,1,4,462
35,1,5,390
35,1,6,211
35,1,7,398
35,1,8,253
35,1,9,231
35,1,10,68
35,1,11,343
35,1,12,484
35,2,1,618
35,2,2,685
35,2,3,1111
35,2,4,870
35,2,5,858
35,2,6,1193
35,2,7,959
35,2,8,686
35,2,10,1101
35,2,11,1397
36,1,1,424
36,1,2,498
36,1,3,401
36,1,4,319
36,1,5,767
36,1,6,439
36,1,7,460
36,1,8,278
36,1,9,392
36,1,10,242
36,1,12,428
36,2,1,1483
36,2,2,1202
36,2,3,985
36,2,5,1088
36,2,6,1254
36,2,7,1552
36,2,8,1097
36,2,9,1209
36,2,10,1089
36,2,11,1565
36,2,12,1970
37,1,1,439
37,1,2,728
37,1,3,708
37,1,4,536
37,1,5,357
37,1,6,359
37,1,7,404
37,1,8,413
37,1,9,157
37,1,10,23
37,1,11,397
37,1,12,483
37,2,1,977
37,2,2,1424
37,2,4,1123
37,2,5,1282
37,2,6,1240
37,2,7,1100
37,2,8,1392
37,2,10,1219
37,2,11,1537
37,2,12,1596
38,1,1,473
38,1,2,708
38,1,3,565
38,1,4,298
38,1,5,392
38,1,6,427
38,1,7,563
38,1,8,373
38,1,9,577
38,1,10,308
38,1,11,303
38,1,12,242
38,2,1,732
38,2,2,795
38,2,3,1216
38,2,4,1120
38,2,5,790
38,2,6,1151
38,2,7,1356
38,2,8,1302
38,2,9,1143
38,2,10,1034
38,2,11,1752
38,2,12,1266
39,1,1,584
39,1,2,859
39,1,3,691
39,1,4,396
39,1,5,506
39,1,6,472
39,1,7,370
39,1,8,353
39,1,9,266
39,1,10,80
39,1,12,434
39,2,1,970
39,2,2,1058
39,2,3,955
39,2,4,842
39,2,5,1424
39,2,6,1019
39,2,7,1255
39,2,10,1241
39,2,11,1437
39,2,12,1795
40,1,1,174
40,1,2,526
40,1,3,389
40,1,5,742
40,1,6,436
40,1,7,333
40,1,8,389
40,1,9,278
40,1,10,192
40,1,11,146
40,1,12,398
40,2,1,979
40,2,2,1448
40,2,3,955
40,2,4,853
40,2,5,1068
40,2,6,1087
40,2,7,1359
40,2,8,1190
40,2,9,1007
40,2,10,1329
40,2,12,1455
41,1,1,497
41,1,2,395
41,1,3,876
41,1,4,241
41,1,5,705
41,1,6,428
41,1,7,490
41,1,8,456
41,1,9,393
41,1,10,443
41,1,11,363
41,1,12,264
41,2,1,1066
41,2,2,1314
41,2,3,1592
41,2,4,1066
41,2,5,1103
41,2,6,1040
41,2,7,1470
41,2,8,1314
41,2,9,1196
41,2,11,2161
41,2,12,1617
42,1,1,547
42,1,2,554
42,1,3,572
42,1,4,292
42,1,5,499
42,1,6,578
42,1,7,369
42,1,8,509
42,1,9,407
42,1,10,621
42,1,11,410
42,1,12,242
42,2,1,1277
42,2,2,1465
42,2,3,1343
42,2,4,882
42,2,5,663
42,2,6,1133
42,2,7,1330
42,2,8,1206
42,2,9,1485
42,2,10,1462
42,2,11,1574
42,2,12,2050
43,1,1,726
43,1,4,403
43,1,5,305
43,1,6,131
43,1,7,519
43,1,8,246
43,1,9,302
43,1,11,533
43,1,12,404
43,2,1,1087
43,2,2,1059
43,2,3,1030
43,2,4,908
43,2,5,1025
43,2,6,1180
43,2,8,1015
43,2,9,1920
43,2,10,1341
43,2,11,1265
43,2,12,1222
44,1,1,581
44,1,2,366
44,1,3,509
44,1,5,330
44,1,6,254
44,1,7,430
44,1,8,399
44,1,9,382
44,1,11,277
44,2,1,890
44,2,2,1303
44,2,3,1414
44,2,4,1247
44,2,5,781
44,2,7,817
44,2,9,1178
44,2,10,744
44,2,11,1424
44,2,12,1691
45,1,2,396
45,1,3,508
45,1,4,440
45,1,5,554
45,1,6,361
45,1,7,395
45,1,8,372
45,1,9,167
45,1,10,499
45,1,11,169
45,1,12,142
45,2,1,737
45,2,2,975
45,2,3,822
45,2,4,696
45,2,5,1206
45,2,6,1414
45,2,7,1301
45,2,8,1266
45,2,9,1153
45,2,10,1333
45,2,12,1648
46,1,1,554
46,1,3,439
46,1,4,506
46,1,5,360
46,1,6,336
46,1,8,319
46,1,9,501
46,1,10,221
46,1,11,299
46,1,12,197
46,2,1,913
46,2,2,1072
46,2,3,1578
46,2,4,1062
46,2,6,1261
46,2,7,975
46,2,8,1517
46,2,9,1287
46,2,11,1608
46,2,12,1525
47,1,1,1112
47,1,2,440
47,1,3,273
47,1,4,617
47,1,5,215
47,1,7,327
47,1,8,210
47,1,9,485
47,1,10,375
47,1,11,395
47,1,12,411
47,2,1,720
47,2,2,986
47,2,4,631
47,2,5,1261
47,2,6,1615
47,2,7,1350
47,2,8,922
47,2,9,1233
47,2,10,1574
47,2,11,1503
47,2,12,1541
48,1,1,583
48,1,2,231
48,1,4,626
48,1,5,425
48,1,6,396
48,1,8,596
48,1,9,413
48,1,10,313
48,1,11,552
48,1,12,250
48,2,1,919
48,2,2,1073
48,2,3,920
48,2,4,1392
48,2,5,1235
48,2,7,1159
48,2,8,1382
48,2,10,1098
48,2,11,1160
48,2,12,1043
49,1,1,337
49,1,3,616
49,1,4,436
49,1,5,476
49,1,6,394
49,1,7,339
49,1,8,272
49,1,9,291
49,1,10,225
49,1,11,409
49,1,12,253
49,2,1,1015
49,2,2,989
49,2,3,819
49,2,4,1173
49,2,5,863
49,2,6,927
49,2,7,887
49,2,8,1350
49,2,10,1461
49,2,11,983
49,2,12,2166
50,1,1,646
50,1,2,613
50,1,3,296
50,1,4,342
50,1,5,574
50,1,7,431
50,1,8,514
50,1,9,386
50,1,10,174
50,1,11,180
50,1,12,405
50,2,1,849
50,2,2,1109
50,2,3,826
50,2,4,787
50,2,5,679
50,2,6,1507
50,2,7,1455
50,2,8,859
50,2,9,1206
50,2,10,1245
50,2,11,1213
50,2,12,1277
51,1,1,459
51,1,4,691
51,1,5,302
51,1,6,312
51,1,8,394
51,1,9,262
51,1,10,243
51,1,11,325
51,2,1,1200
51,2,2,709
51,2,4,983
51,2,5,761
51,2,8,1497
51,2,9,948
51,2,10,1496
51,2,11,1697
51,2,12,1567
52,1,1,606
52,1,4,487
52,1,6,455
52,1,7,633
52,1,8,158
52,1,10,280
52,1,11,407
52,1,12,343
52,2,1,708
52,2,2,937
52,2,3,1417
52,2,4,882
52,2,5,1027
52,2,6,1489
52,2,7,1725
52,2,8,1367
52,2,10,1183
52,2,11,1229
53,1,1,447
53,1,2,894
53,1,4,897
53,1,5,314
53,1,6,329
53,1,7,223
53,1,8,465
53,1,10,338
53,1,11,301
53,1,12,401
53,2,1,1270
53,2,2,920
53,2,3,729
53,2,4,1109
53,2,5,753
53,2,6,1568
53,2,7,1351
53,2,8,1069
53,2,10,1466
53,2,11,1633
53,2,12,1738
54,1,1,881
54,1,2,524
54,1,3,479
54,1,4,528
54,1,5,312
54,1,6,610
54,1,7,423
54,1,8,325
54,1,9,566
54,1,10,186
54,1,11,225
54,1,12,458
54,2,1,1219
54,2,2,1345
54,2,4,1005
54,2,5,1152
54,2,6,1986
54,2,7,1116
54,2,8,1422
54,2,9,1448
54,2,10,1512
55,1,1,570
55,1,4,357
55,1,5,379
55,1,6,334
55,1,7,545
55,1,8,480
55,1,9,560
55,1,10,192
55,1,11,309
55,1,12,156
55,2,1,1049
55,2,2,1286
55,2,3,1030
55,2,4,1322
55,2,5,1274
55,2,6,1094
55,2,7,1351
55,2,8,1715
55,2,9,1229
55,2,10,1438
55,2,11,1635
55,2,12,1455
56,1,1,579
56,1,2,556
56,1,3,289
56,1,4,700
56,1,5,154
56,1,7,514
56,1,8,247
56,1,9,460
56,1,10,171
56,1,11,163
56,1,12,209
56,2,3,1404
56,2,4,732
56,2,6,1501
56,2,7,1047
56,2,8,1473
56,2,9,1465
56,2,10,1077
56,2,12,1598
57,1,1,629
57,1,2,663
57,1,3,683
57,1,5,261
57,1,6,269
57,1,7,558
57,1,8,314
57,1,9,439
57,1,10,478
57,1,12,328
57,2,1,1113
57,2,2,1034
57,2,3,1250
57,2,4,856
57,2,5,1091
57,2,6,1194
57,2,7,970
57,2,8,1273
57,2,9,1390
57,2,10,1591
58,1,1,461
58,1,2,623
58,1,3,385
58,1,4,163
58,1,5,282
58,1,6,475
58,1,7,462
58,1,8,416
58,1,9,363
58,1,10,185
58,1,11,369
58,1,12,132
58,2,1,1069
58,2,2,911
58,2,4,999
58,2,5,845
58,2,6,1095
58,2,7,1108
58,2,8,1514
58,2,9,961
58,2,10,1343
58,2,11,1382
58,2,12,2143
59,1,1,818
59,1,2,421
59,1,3,503
59,1,4,359
59,1,5,388
59,1,6,749
59,1,7,279
59,1,8,706
59,1,9,646
59,1,10,260
59,1,11,145
59,1,12,367
59,2,1,1254
59,2,3,1003
59,2,4,1013
59,2,5,1183
59,2,6,1379
59,2,7,1340
59,2,8,1728
59,2,9,1096
59,2,10,1204
59,2,11,1351
59,2,12,1281
60,1,1,500
60,1,2,534
60,1,3,410
60,1,4,335
60,1,5,359
60,1,6,509
60,1,7,426
60,1,8,526
60,1,9,258
60,1,10,197
60,1,11,80
60,1,12,198
60,2,1,992
60,2,2,906
60,2,3,1340
60,2,4,1220
60,2,5,1138
60,2,6,1142
60,2,7,1326
60,2,8,1461
60,2,9,1621
60,2,10,1566
60,2,11,1428
60,2,12,1276
61,1,2,578
61,1,6,193
61,1,7,450
61,1,8,440
61,1,9,316
61,1,10,607
61,1,11,298
61,1,12,390
61,2,1,1210
61,2,3,1185
61,2,4,850
61,2,6,1027
61,2,7,1211
61,2,8,1463
61,2,9,1464
61,2,10,1522
61,2,11,1858
61,2,12,1573
62,1,1,762
62,1,2,432
62,1,3,473
62,1,4,404
62,1,5,386
62,1,6,358
62,1,7,464
62,1,8,501
62,1,9,295
62,1,10,92
62,1,12,264
62,2,1,653
62,2,2,1053
62,2,3,747
62,2,4,1004
62,2,5,828
62,2,6,1187
62,2,7,1517
62,2,8,1330
62,2,9,1278
62,2,10,1594
62,2,11,1562
62,2,12,1575
63,1,1,628
63,1,2,543
63,1,3,446
63,1,4,448
63,1,5,242
63,1,6,757
63,1,7,558
63,1,8,353
63,1,9,779
63,1,10,305
63,1,11,319
63,1,12,194
63,2,1,945
63,2,2,1159
63,2,3,920
63,2,4,1318
63,2,5,1185
63,2,6,1176
63,2,7,848
63,2,8,1290
63,2,9,1577
63,2,10,1360
63,2,11,1220
63,2,12,1567
64,1,1,670
64,1,2,248
64,1,3,311
64,1,4,231
64,1,5,515
64,1,6,443
64,1,7,443
64,1,8,423
64,1,9,375
64,1,10,137
64,1,11,231
64,1,12,220
64,2,1,832
64,2,2,987
64,2,3,1039
64,2,4,921
64,2,5,901
64,2,6,1028
64,2,8,1323
64,2,9,1704
64,2,10,1486
64,2,11,733
64,2,12,1181
65,1,1,446
65,1,2,330
65,1,3,186
65,1,4,512
65,1,5,560
65,1,6,408
65,1,7,440
65,1,8,306
65,1,9,330
65,1,10,123
65,1,11,61
65,2,1,560
65,2,2,1168
65,2,3,980
65,2,4,1404
65,2,5,1364
65,2,7,1666
65,2,8,1122
65,2,9,1091
65,2,10,1140
65,2,12,1544
66,1,1,478
66,1,2,454
66,1,3,693
66,1,4,189
66,1,5,370
66,1,6,588
66,1,7,189
66,1,8,451
66,1,9,141
66,1,11,601
66,2,1,1004
66,2,2,1121
66,2,3,1311
66,2,4,855
66,2,5,1311
66,2,6,983
66,2,7,1158
66,2,8,1728
66,2,9,1795
66,2,10,1233
66,2,11,1020
66,2,12,1309
67,1,1,648
67,1,2,584
67,1,3,289
67,1,4,172
67,1,5,403
67,1,6,100
67,1,8,513
67,1,9,339
67,1,10,140
67,1,11,195
67,1,12,292
67,2,1,966
67,2,2,1011
67,2,3,1315
67,2,4,926
67,2,5,1042
67,2,6,1340
67,2,7,1171
67,2,8,1355
67,2,9,1455
67,2,10,1485
67,2,11,1568
67,2,12,1725
68,1,1,856
68,1,2,471
68,1,4,452
68,1,5,406
68,1,6,655
68,1,7,423
68,1,8,541
68,1,10,121
68,1,11,497
68,1,12,301
68,2,1,1177
68,2,2,667
68,2,3,1183
68,2,4,881
68,2,5,1288
68,2,6,1316
68,2,7,1189
68,2,8,1349
68,2,9,1729
68,2,10,1761
68,2,11,1353
68,2,12,1751
69,1,1,600
69,1,2,472
69,1,3,380
69,1,4,138
69,1,5,331
69,1,6,435
69,1,7,485
69,1,8,511
69,1,9,532
69,1,10,202
69,1,11,169
69,1,12,294
69,2,1,962
69,2,2,866
69,2,3,1111
69,2,4,758
69,2,5,1180
69,2,6,1425
69,2,7,1130
69,2,8,950
69,2,10,1165
69,2,11,1338
69,2,12,1442
70,1,1,649
70,1,2,812
70,1,3,505
70,1,4,606
70,1,5,614
70,1,6,390
70,1,7,448
70,1,8,246
70,1,11,171
70,2,1,914
70,2,2,1295
70,2,3,1453
70,2,5,1038
70,2,6,1271
70,2,7,1405
70,2,8,1107
70,2,9,1305
70,2,10,1327
70,2,11,1321
70,2,12,1433
71,1,1,510
71,1,2,330
71,1,3,623
71,1,4,392
71,1,5,305
71,1,6,371
71,1,7,303
71,1,8,204
71,1,9,133
71,1,11,397
71,1,12,209
71,2,1,877
71,2,2,1068
71,2,3,1066
71,2,4,795
71,2,5,1424
71,2,7,1420
71,2,8,958
71,2,9,1656
71,2,10,1566
71,2,11,1447
71,2,12,1689
72,1,1,597
72,1,2,953
72,1,3,442
72,1,4,352
72,1,5,324
72,1,6,606
72,1,8,546
72,1,9,249
72,1,10,279
72,1,11,356
72,1,12,340
72,2,2,939
72,2,3,914
72,2,4,890
72,2,5,880
72,2,6,973
72,2,7,828
72,2,8,1260
72,2,9,1479
72,2,11,1626
72,2,12,1398
73,1,2,298
73,1,3,416
73,1,4,393
73,1,5,323
73,1,6,429
73,1,7,617
73,1,8,170
73,1,9,454
73,1,10,614
73,1,11,145
73,1,12,231
73,2,1,1376
73,2,2,1398
73,2,3,1079
73,2,5,1444
73,2,6,1324
73,2,7,1485
73,2,8,1561
73,2,9,933
73,2,10,1223
73,2,11,1200
73,2,12,1819
74,1,1,535
74,1,2,221
74,1,3,468
74,1,4,291
74,1,5,334
74,1,6,523
74,1,7,374
74,1,8,465
74,1,9,175
74,1,10,118
74,1,11,290
74,1,12,220
74,2,1,1080
74,2,2,1219
74,2,3,1040
74,2,4,846
74,2,5,906
74,2,6,1169
74,2,7,973
74,2,9,1547
74,2,10,735
74,2,11,1703
74,2,12,1674
75,1,1,480
75,1,2,771
75,1,3,747
75,1,4,213
75,1,6,757
75,1,7,409
75,1,8,306
75,1,9,591
75,1,10,176
75,1,11,553
75,1,12,241
75,2,1,847
75,2,2,1142
75,2,3,923
75,2,4,585
75,2,5,1161
75,2,7,1093
75,2,8,1367
75,2,9,1369
75,2,10,1238
75,2,12,1591
76,1,1,532
76,1,2,491
76,1,3,420
76,1,4,446
76,1,5,221
76,1,6,581
76,1,7,482
76,1,8,388
76,1,9,142
76,1,11,506
76,1,12,175
76,2,1,1096
76,2,2,910
76,2,4,1024
76,2,7,1509
76,2,8,898
76,2,10,1785
76,2,11,1053
76,2,12,1536
77,1,2,633
77,1,3,350
77,1,4,532
77,1,5,175
77,1,6,307
77,1,7,458
77,1,9,130
77,1,10,74
77,2,1,1129
77,2,2,1005
77,2,3,957
77,2,4,1046
77,2,5,1124
77,2,6,1359
77,2,7,1007
77,2,9,1364
77,2,10,873
77,2,11,1130
77,2,12,1664
78,1,1,722
78,1,2,486
78,1,3,350
78,1,4,280
78,1,5,399
78,1,6,444
78,1,7,323
78,1,8,435
78,1,10,170
78,1,11,499
78,1,12,37
78,2,1,1124
78,2,2,1144
78,2,3,1570
78,2,4,1165
78,2,5,923
78,2,6,1305
78,2,7,1305
78,2,8,1760
78,2,9,1363
78,2,10,1218
78,2,11,1331
78,2,12,1697
79,1,1,485
79,1,2,339
79,1,3,460
79,1,4,592
79,1,5,267
79,1,6,333
79,1,7,178
79,1,8,363
79,1,9,255
79,1,10,325
79,1,11,178
79,1,12,161
79,2,1,966
79,2,3,1160
79,2,4,1350
79,2,5,952
79,2,6,938
79,2,7,1512
79,2,8,1115
79,2,9,955
79,2,11,1269
79,2,12,1208
80,1,1,544
80,1,2,581
80,1,3,429
80,1,4,470
80,1,5,645
80,1,6,479
80,1,7,425
80,1,8,302
80,1,9,179
80,1,10,250
80,1,11,293
80,1,12,326
80,2,2,1076
80,2,3,947
80,2,4,637
80,2,5,821
80,2,7,1181
80,2,8,1577
80,2,9,1230
80,2,10,1404
80,2,11,1465
80,2,12,1546
81,1,1,696
81,1,2,395
81,1,3,518
81,1,4,454
81,1,5,461
81,1,6,800
81,1,7,173
81,1,8,557
81,1,9,205
81,1,10,350
81,1,11,393
81,1,12,351
81,2,1,1076
81,2,2,1331
81,2,3,803
81,2,4,1056
81,2,5,944
81,2,6,1757
81,2,7,1341
81,2,8,1607
81,2,9,1300
81,2,10,1568
81,2,11,1503
81,2,12,1353
82,1,1,416
82,1,2,754
82,1,3,346
82,1,4,399
82,1,5,396
82,1,6,278
82,1,7,143
82,1,8,396
82,1,9,369
82,1,10,150
82,1,11,599
82,1,12,483
82,2,1,1071
82,2,2,768
82,2,3,845
82,2,4,877
82,2,5,1071
82,2,6,1199
82,2,7,1333
82,2,8,1244
82,2,9,930
82,2,10,1346
82,2,11,1491
82,2,12,1328
83,1,1,526
83,1,2,420
83,1,3,671
83,1,4,155
83,1,5,688
83,1,6,651
83,1,7,473
83,1,8,625
83,1,9,170
83,1,10,381
83,1,11,494
83,1,12,316
83,2,1,773
83,2,2,1071
83,2,3,1282
83,2,4,1570
83,2,5,1193
83,2,6,1211
83,2,7,1130
83,2,8,1314
83,2,9,1068
83,2,10,1495
83,2,11,1381
83,2,12,1953
84,1,2,670
84,1,3,112
84,1,4,213
84,1,5,179
84,1,6,221
84,1,7,356
84,1,8,402
84,1,9,407
84,1,10,263
84,1,11,353
84,1,12,374
84,2,1,804
84,2,2,1260
84,2,3,1179
84,2,4,681
84,2,5,893
84,2,6,1199
84,2,7,1113
84,2,8,958
84,2,9,1334
84,2,10,1019
84,2,11,1510
84,2,12,1459
85,1,1,725
85,1,2,525
85,1,3,628
85,1,4,322
85,1,5,335
85,1,6,245
85,1,7,494
85,1,8,296
85,1,9,249
85,1,10,216
85,1,11,553
85,1,12,63
85,2,1,805
85,2,2,1242
85,2,3,1244
85,2,4,807
85,2,5,1056
85,2,6,1342
85,2,7,919
85,2,8,1426
85,2,9,1358
85,2,10,1676
85,2,11,1362
85,2,12,1370
86,1,1,622
86,1,2,672
86,1,3,526
86,1,5,521
86,1,6,488
86,1,7,389
86,1,8,215
86,1,9,655
86,1,10,121
86,1,11,347
86,1,12,357
86,2,1,959
86,2,2,1185
86,2,3,1202
86,2,4,964
86,2,5,1060
86,2,6,1619
86,2,7,1078
86,2,9,1250
86,2,10,1069
86,2,11,1571
86,2,12,1518
87,1,1,607
87,1,2,391
87,1,3,260
87,1,4,417
87,1,5,251
87,1,6,453
87,1,7,410
87,1,8,313
87,1,9,352
87,1,10,283
87,1,11,227
87,2,2,1175
87,2,3,1120
87,2,4,945
87,2,5,1103
87,2,6,1590
87,2,7,1271
87,2,8,1113
87,2,9,1047
87,2,10,1292
87,2,11,1824
87,2,12,1732
88,1,1,568
88,1,4,386
88,1,5,377
88,1,6,202
88,1,7,498
88,1,8,471
88,1,9,583
88,1,11,305
88,1,12,325
88,2,1,1191
88,2,2,1011
88,2,3,1340
88,2,4,1167
88,2,5,1581
88,2,6,1134
88,2,7,1181
88,2,8,740
88,2,9,768
88,2,10,1447
88,2,11,1325
88,2,12,1627
89,1,1,435
89,1,2,328
89,1,3,588
89,1,4,452
89,1,5,319
89,1,6,270
89,1,7,284
89,1,9,123
89,1,11,488
89,1,12,242
89,2,1,1077
89,2,3,1288
89,2,4,984
89,2,5,1281
89,2,7,829
89,2,9,1715
89,2,10,1398
89,2,11,1074
89,2,12,1610
90,1,1,627
90,1,3,622
90,1,4,511
90,1,6,423
90,1,7,653
90,1,8,1026
90,1,9,75
90,1,10,82
90,1,11,280
90,1,12,272
90,2,1,954
90,2,2,781
90,2,3,741
90,2,4,1058
90,2,5,927
90,2,6,1359
90,2,7,1400
90,2,8,1575
90,2,9,1034
90,2,10,906
90,2,11,1389
90,2,12,1788
91,1,1,591
91,1,2,516
91,1,3,655
91,1,4,222
91,1,5,554
91,1,6,367
91,1,7,375
91,1,9,133
91,1,10,442
91,1,11,471
91,1,12,187
91,2,1,767
91,2,2,1077
91,2,3,1006
91,2,4,1399
91,2,5,789
91,2,6,1761
91,2,7,1633
91,2,8,1633
91,2,9,1219
91,2,10,1057
91,2,11,860
91,2,12,2088
92,1,1,270
92,1,3,597
92,1,4,88
92,1,6,350
92,1,8,321
92,1,9,222
92,1,10,186
92,1,11,258
92,1,12,242
92,2,1,1219
92,2,2,765
92,2,3,1072
92,2,4,886
92,2,5,1077
92,2,6,1298
92,2,7,1307
92,2,8,1103
92,2,9,1580
92,2,10,1230
92,2,11,1144
92,2,12,1560
93,1,1,535
93,1,2,712
93,1,3,595
93,1,4,545
93,1,5,478
93,1,6,665
93,1,7,490
93,1,8,408
93,1,9,568
93,1,11,341
93,1,12,352
93,2,1,855
93,2,2,915
93,2,3,1026
93,2,4,776
93,2,6,1203
93,2,7,1120
93,2,8,1452
93,2,9,1679
93,2,10,1726
93,2,11,1883
93,2,12,1262
94,1,1,450
94,1,2,534
94,1,3,511
94,1,4,499
94,1,5,368
94,1,6,179
94,1,7,687
94,1,8,341
94,1,9,238
94,1,11,128
94,1,12,371
94,2,1,1393
94,2,2,1196
94,2,3,1590
94,2,4,578
94,2,5,1112
94,2,6,1156
94,2,7,947
94,2,8,1607
94,2,9,1392
94,2,10,1266
94,2,11,1244
94,2,12,1255
95,1,1,480
95,1,3,804
95,1,4,564
95,1,5,293
95,1,6,459
95,1,7,347
95,1,8,526
95,1,9,343
95,1,10,141
95,1,11,414
95,1,12,283
95,2,1,841
95,2,2,939
95,2,3,1041
95,2,5,947
95,2,6,1184
95,2,7,1222
95,2,9,869
95,2,10,1343
95,2,11,1000
95,2,12,1233
96,1,1,295
96,1,2,597
96,1,3,512
96,1,4,252
96,1,5,402
96,1,6,440
96,1,7,382
96,1,8,542
96,1,10,398
96,1,11,312
96,1,12,641
96,2,1,1145
96,2,2,1208
96,2,5,1178
96,2,6,1385
96,2,7,1214
96,2,8,1325
96,2,9,1536
96,2,10,1413
96,2,11,1160
96,2,12,1662
97,1,1,891
97,1,2,596
97,1,3,664
97,1,5,438
97,1,6,406
97,1,7,427
97,1,8,484
97,1,9,170
97,1,10,157
97,1,11,312
97,1,12,309
97,2,1,1002
97,2,2,1130
97,2,3,1400
97,2,5,1156
97,2,6,1214
97,2,7,1270
97,2,8,1459
97,2,10,1437
97,2,11,1044
98,1,1,441
98,1,2,496
98,1,3,609
98,1,4,383
98,1,5,158
98,1,7,245
98,1,8,559
98,1,9,355
98,1,10,172
98,1,11,311
98,1,12,538
98,2,2,1324
98,2,3,710
98,2,4,945
98,2,5,1046
98,2,6,1107
98,2,8,1412
98,2,9,1112
98,2,10,1345
98,2,11,1308
98,2,12,1575
99,1,1,952
99,1,2,648
99,1,3,636
99,1,4,411
99,1,6,534
99,1,7,543
99,1,8,379
99,1,9,157
99,1,10,223
99,1,11,398
99,1,12,278
99,2,1,1055
99,2,2,1238
99,2,3,1287
99,2,5,958
99,2,6,1056
99,2,7,945
99,2,8,1554
99,2,9,1377
99,2,10,1637
99,2,11,1180
99,2,12,1486
100,1,1,445
100,1,2,711
100,1,3,166
100,1,4,413
100,1,5,493
100,1,6,398
100,1,8,419
100,1,9,437
100,1,10,199
100,1,11,266
100,1,12,302
100,2,1,1405
100,2,4,1327
100,2,5,1130
100,2,6,1156
100,2,7,1123
100,2,8,1541
100,2,9,1100
100,2,10,1630
100,2,11,1492
100,2,12,1419
101,1,1,583
101,1,2,610
101,1,3,535
101,1,4,429
101,1,5,458
101,1,7,341
101,1,8,221
101,1,9,414
101,1,10,125
101,1,11,286
101,1,12,71
101,2,1,761
101,2,2,1278
101,2,3,1446
101,2,4,1141
101,2,5,948
101,2,6,984
101,2,7,1291
101,2,8,1320
101,2,9,1092
101,2,10,1250
101,2,11,1401
101,2,12,1104
102,1,2,463
102,1,3,492
102,1,4,461
102,1,5,178
102,1,6,116
102,1,7,359
102,1,8,486
102,1,9,389
102,1,10,284
102,1,11,327
102,1,12,368
102,2,1,432
102,2,2,1247
102,2,3,1363
102,2,4,659
102,2,6,1120
102,2,7,1313
102,2,8,1323
102,2,9,1154
102,2,10,1154
102,2,11,1793
103,1,1,418
103,1,2,476
103,1,3,549
103,1,5,253
103,1,6,590
103,1,7,228
103,1,8,558
103,1,9,367
103,1,10,173
103,1,11,304
103,1,12,372
103,2,1,920
103,2,2,940
103,2,3,1225
103,2,4,1486
103,2,5,938
103,2,7,1203
103,2,9,1400
103,2,10,1434
103,2,11,1020
104,1,1,453
104,1,2,505
104,1,4,607
104,1,5,319
104,1,6,375
104,1,7,522
104,1,8,465
104,1,9,231
104,1,10,65
104,1,11,220
104,1,12,171
104,2,1,1031
104,2,2,1174
104,2,3,1016
104,2,4,1164
104,2,6,835
104,2,7,876
104,2,8,900
104,2,9,1506
104,2,11,1359
104,2,12,1241
105,1,1,282
105,1,2,654
105,1,3,789
105,1,4,342
105,1,5,901
105,1,6,377
105,1,7,485
105,1,9,312
105,1,10,64
105,1,11,362
105,1,12,616
105,2,1,947
105,2,2,881
105,2,3,1131
105,2,4,872
105,2,5,1145
105,2,6,1011
105,2,7,1117
105,2,8,1158
105,2,9,1175
105,2,10,1058
105,2,11,1313
105,2,12,1437
106,1,1,455
106,1,2,353
106,1,3,383
106,1,5,218
106,1,6,421
106,1,7,355
106,1,8,448
106,1,9,226
106,1,10,265
106,1,11,198
106,1,12,420
106,2,1,916
106,2,2,1305
106,2,3,1207
106,2,4,1155
106,2,5,764
106,2,6,1495
106,2,7,1084
106,2,8,969
106,2,10,1343
106,2,11,1221
106,2,12,1324
107,1,2,383
107,1,3,372
107,1,4,315
107,1,5,361
107,1,6,198
107,1,7,546
107,1,8,358
107,1,10,255
107,1,11,308
107,1,12,392
107,2,2,1139
107,2,3,1255
107,2,4,787
107,2,5,1068
107,2,6,955
107,2,7,1034
107,2,8,1300
107,2,9,1050
107,2,10,1067
107,2,11,1216
107,2,12,1834
108,1,1,572
108,1,2,607
108,1,3,357
108,1,4,310
108,1,5,419
108,1,6,144
108,1,7,336
108,1,8,405
108,1,9,234
108,1,10,346
108,1,11,211
108,1,12,443
108,2,2,1354
108,2,3,1107
108,2,6,1301
108,2,7,1335
108,2,8,862
108,2,9,1138
108,2,10,1393
108,2,11,1350
108,2,12,997
109,1,1,700
109,1,2,656
109,1,3,261
109,1,4,640
109,1,5,472
109,1,6,577
109,1,7,376
109,1,8,289
109,1,9,353
109,1,10,145
109,1,11,510
109,1,12,363
109,2,1,1128
109,2,2,1125
109,2,3,768
109,2,4,1297
109,2,5,1237
109,2,6,1016
109,2,7,1123
109,2,8,1262
109,2,9,1094
109,2,10,1377
109,2,11,1358
109,2,12,1404
110,1,1,940
110,1,2,379
110,1,3,335
110,1,4,127
110,1,5,460
110,1,7,295
110,1,9,399
110,1,10,508
110,1,11,393
110,1,12,396
110,2,1,1389
110,2,2,888
110,2,3,1408
110,2,4,822
110,2,5,973
110,2,7,1433
110,2,8,1267
110,2,9,1631
110,2,10,1290
110,2,11,1470
110,2,12,1557
111,1,1,569
111,1,2,560
111,1,3,345
111,1,4,213
111,1,5,448
111,1,6,470
111,1,8,269
111,1,9,562
111,1,10,129
111,1,11,445
111,1,12,414
111,2,1,1179
111,2,2,1238
111,2,3,1067
111,2,4,904
111,2,5,856
111,2,6,1220
111,2,7,1436
111,2,8,1019
111,2,9,1309
111,2,10,1351
111,2,11,1373
111,2,12,1065
112,1,1,878
112,1,2,633
112,1,3,624
112,1,5,692
112,1,6,517
112,1,7,487
112,1,8,171
112,1,9,173
112,1,11,367
112,1,12,352
112,2,1,1102
112,2,3,998
112,2,4,1065
112,2,5,1428
112,2,6,1055
112,2,7,1041
112,2,8,1449
112,2,9,1239
112,2,10,1715
112,2,11,1290
112,2,12,1698
113,1,1,397
113,1,2,476
113,1,3,494
113,1,4,627
113,1,5,304
113,1,6,332
113,1,7,386
113,1,8,589
113,1,9,355
113,1,10,255
113,1,11,166
113,2,1,1317
113,2,3,826
113,2,4,853
113,2,5,1339
113,2,6,1417
113,2,7,877
113,2,8,1424
113,2,9,1427
113,2,10,1452
113,2,11,1444
113,2,12,1317
114,1,1,694
114,1,2,587
114,1,3,423
114,1,4,510
114,1,5,476
114,1,6,550
114,1,7,313
114,1,8,326
114,1,10,275
114,1,11,420
114,1,12,457
114,2,2,1152
114,2,3,1216
114,2,4,954
114,2,5,1189
114,2,6,890
114,2,8,1603
114,2,10,1670
114,2,12,1099
115,1,1,586
115,1,2,560
115,1,3,418
115,1,4,297
115,1,6,770
115,1,7,145
115,1,8,390
115,1,9,325
115,1,10,199
115,1,11,93
115,1,12,352
115,2,1,683
115,2,2,757
115,2,3,1069
115,2,4,752
115,2,5,1148
115,2,6,1338
115,2,7,1196
115,2,8,1321
115,2,9,1356
115,2,10,1227
115,2,11,1767
115,2,12,1798
116,1,1,663
116,1,2,491
116,1,3,421
116,1,4,250
116,1,5,297
116,1,6,430
116,1,8,310
116,1,9,201
116,1,10,267
116,1,11,267
116,1,12,416
116,2,1,1103
116,2,2,1295
116,2,3,1327
116,2,4,442
116,2,5,895
116,2,6,1114
116,2,7,1296
116,2,8,983
116,2,9,1112
116,2,10,1165
116,2,11,1496
116,2,12,1774
117,1,1,576
117,1,2,694
117,1,3,692
117,1,4,361
117,1,5,683
117,1,6,477
117,1,7,475
117,1,8,190
117,1,9,238
117,1,11,250
117,1,12,575
117,2,1,743
117,2,2,1016
117,2,3,1519
117,2,4,1013
117,2,5,807
117,2,6,870
117,2,7,1113
117,2,8,1387
117,2,9,1109
117,2,10,1298
117,2,11,1061
118,1,1,398
118,1,3,630
118,1,4,719
118,1,5,222
118,1,6,372
118,1,7,223
118,1,8,362
118,1,11,350
118,1,12,440
118,2,1,1029
118,2,3,1109
118,2,4,1358
118,2,5,1547
118,2,6,1119
118,2,7,970
118,2,8,1201
118,2,9,1286
118,2,10,1878
118,2,11,1763
118,2,12,1197
119,1,1,330
119,1,3,252
119,1,4,320
119,1,6,528
119,1,7,423
119,1,8,566
119,1,9,317
119,1,10,376
119,1,11,249
119,1,12,319
119,2,1,778
119,2,2,1144
119,2,3,770
119,2,4,941
119,2,5,1018
119,2,6,1269
119,2,7,1468
119,2,8,1175
119,2,9,1344
119,2,10,1186
119,2,11,2024
119,2,12,1383
120,1,2,556
120,1,3,413
120,1,5,528
120,1,6,611
120,1,7,442
120,1,8,391
120,1,10,190
120,1,11,213
120,1,12,285
120,2,1,999
120,2,3,1566
120,2,6,1312
120,2,7,1038
120,2,8,1456
120,2,9,1179
120,2,10,1373
120,2,11,1266
120,2,12,2010
121,1,1,724
121,1,2,349
121,1,3,322
121,1,4,282
121,1,5,336
121,1,6,525
121,1,7,324
121,1,8,325
121,1,9,429
121,1,10,128
121,1,11,185
121,1,12,209
121,2,1,886
121,2,2,996
121,2,4,984
121,2,5,1095
121,2,6,1084
121,2,8,1206
121,2,9,1377
121,2,10,1444
121,2,11,910
121,2,12,1075
122,1,1,510
122,1,3,308
122,1,4,341
122,1,5,223
122,1,6,597
122,1,7,337
122,1,8,454
122,1,9,490
122,1,10,184
122,1,11,345
122,1,12,237
122,2,1,1063
122,2,2,848
122,2,3,1165
122,2,4,995
122,2,6,1106
122,2,7,1207
122,2,8,1374
122,2,9,1069
122,2,10,990
122,2,11,1711
122,2,12,1428
123,1,1,997
123,1,2,543
123,1,3,396
123,1,4,506
123,1,5,251
123,1,6,401
123,1,7,161
123,1,8,310
123,1,9,459
123,1,10,33
123,1,11,286
123,1,12,360
123,2,1,973
123,2,2,1209
123,2,3,831
123,2,4,939
123,2,5,800
123,2,6,1639
123,2,7,1916
123,2,8,756
123,2,9,1311
123,2,10,1416
123,2,12,1630
124,1,1,666
124,1,2,639
124,1,3,479
124,1,4,623
124,1,5,560
124,1,6,993
124,1,7,382
124,1,9,364
124,1,10,322
124,1,11,490
124,1,12,335
124,2,1,1070
124,2,2,1011
124,2,3,552
124,2,4,1007
124,2,5,1421
124,2,6,1079
124,2,8,1704
124,2,10,1235
124,2,11,1207
124,2,12,1203
125,1,2,840
125,1,4,333
125,1,5,409
125,1,6,216
125,1,7,505
125,1,8,445
125,1,9,399
125,1,10,115
125,1,11,478
125,1,12,216
125,2,1,1201
125,2,2,773
125,2,3,1826
125,2,4,1171
125,2,5,996
125,2,6,1322
125,2,7,1177
125,2,8,1222
125,2,9,1114
125,2,10,1731
125,2,12,1248
126,1,1,583
126,1,2,629
126,1,3,536
126,1,4,363
126,1,5,248
126,1,6,415
126,1,7,737
126,1,8,222
126,1,9,138
126,1,11,369
126,1,12,407
126,2,1,1230
126,2,2,1203
126,2,3,949
126,2,4,1065
126,2,5,939
126,2,7,1227
126,2,8,1044
126,2,9,1285
126,2,10,1087
126,2,12,1611
127,1,1,393
127,1,2,804
127,1,3,462
127,1,4,338
127,1,5,702
127,1,6,445
127,1,7,304
127,1,8,365
127,1,10,97
127,2,1,939
127,2,2,889
127,2,3,1079
127,2,4,945
127,2,5,1780
127,2,6,994
127,2,7,1440
127,2,8,1264
127,2,9,1235
127,2,10,1069
127,2,11,1540
127,2,12,1442
128,1,1,576
128,1,2,343
128,1,3,366
128,1,4,334
128,1,5,381
128,1,6,462
128,1,7,585
128,1,8,427
128,1,9,367
128,1,10,313
128,1,12,204
128,2,1,855
128,2,2,1051
128,2,3,1174
128,2,4,853
128,2,5,1289
128,2,6,1154
128,2,7,1333
128,2,8,1311
128,2,9,1117
128,2,11,1306
129,1,1,598
129,1,2,217
129,1,3,345
129,1,4,91
129,1,5,386
129,1,7,571
129,1,8,166
129,1,9,168
129,1,10,189
129,1,11,280
129,1,12,438
129,2,1,1146
129,2,2,931
129,2,3,954
129,2,4,888
129,2,5,1122
129,2,6,665
129,2,7,1541
129,2,8,1504
129,2,9,1368
129,2,10,1264
129,2,11,1409
129,2,12,1245
130,1,1,629
130,1,2,522
130,1,3,625
130,1,4,361
130,1,5,484
130,1,6,500
130,1,7,515
130,1,8,351
130,1,9,104
130,1,10,318
130,1,11,287
130,1,12,506
130,2,1,1202
130,2,2,883
130,2,3,1053
130,2,4,1085
130,2,5,688
130,2,6,1061
130,2,7,1340
130,2,9,990
130,2,10,1361
130,2,11,1390
130,2,12,2012
131,1,2,636
131,1,3,335
131,1,4,495
131,1,5,702
131,1,6,372
131,1,8,173
131,1,9,548
131,1,10,261
131,1,11,130
131,2,1,1162
131,2,2,1338
131,2,3,1383
131,2,4,1054
131,2,5,1157
131,2,6,1669
131,2,7,1277
131,2,8,1099
131,2,9,1064
131,2,10,1670
131,2,11,1412
131,2,12,1945
132,1,1,374
132,1,2,395
132,1,3,445
132,1,5,363
132,1,6,482
132,1,7,471
132,1,9,355
132,1,10,370
132,1,11,245
132,1,12,401
132,2,1,810
132,2,2,962
132,2,3,1120
132,2,4,1126
132,2,5,1415
132,2,6,1005
132,2,7,1461
132,2,8,1183
132,2,9,1568
132,2,10,1511
132,2,11,1897
132,2,12,1814
133,1,1,638
133,1,2,584
133,1,3,635
133,1,4,197
133,1,6,531
133,1,7,422
133,1,9,175
133,1,10,367
133,1,11,83
133,1,12,154
133,2,1,790
133,2,2,933
133,2,3,694
133,2,4,1212
133,2,5,873
133,2,6,1069
133,2,7,1804
133,2,8,1349
133,2,9,1336
133,2,10,1115
133,2,11,1674
133,2,12,2052
134,1,1,667
134,1,2,578
134,1,3,840
134,1,4,556
134,1,5,259
134,1,6,627
134,1,7,489
134,1,8,303
134,1,10,203
134,1,11,315
134,1,12,506
134,2,1,1086
134,2,2,1328
134,2,3,1127
134,2,4,514
134,2,5,929
134,2,6,1129
134,2,7,1218
134,2,8,1302
134,2,9,1267
134,2,11,1496
134,2,12,1596
135,1,1,279
135,1,2,551
135,1,3,455
135,1,4,251
135,1,5,554
135,1,6,630
135,1,7,229
135,1,8,456
135,1,9,379
135,1,10,245
135,1,11,264
135,1,12,307
135,2,2,1140
135,2,4,1120
135,2,5,1021
135,2,6,1469
135,2,7,1409
135,2,9,1426
135,2,10,1297
135,2,11,1250
135,2,12,1545
136,1,1,439
136,1,2,668
136,1,3,563
136,1,4,388
136,1,5,280
136,1,7,194
136,1,9,392
136,1,10,134
136,1,12,352
136,2,1,1047
136,2,2,1124
136,2,3,779
136,2,4,960
136,2,5,1038
136,2,6,1244
136,2,7,1479
136,2,8,1318
136,2,9,1670
136,2,10,1183
136,2,11,1117
136,2,12,2114
137,1,2,780
137,1,4,138
137,1,6,260
137,1,7,334
137,1,9,363
137,1,10,394
137,1,11,639
137,1,12,96
137,2,1,788
137,2,2,918
137,2,3,1374
137,2,4,1051
137,2,5,1223
137,2,6,1489
137,2,7,1241
137,2,8,1410
137,2,9,862
137,2,10,1179
137,2,11,1269
137,2,12,768
138,1,1,681
138,1,2,270
138,1,3,384
138,1,4,421
138,1,5,259
138,1,6,249
138,1,7,439
138,1,8,444
138,1,9,555
138,1,10,607
138,1,11,343
138,1,12,371
138,2,1,1159
138,2,2,947
138,2,3,969
138,2,4,806
138,2,5,897
138,2,6,1361
138,2,8,1414
138,2,9,1462
138,2,10,2028
138,2,11,1530
138,2,12,1211
139,1,1,420
139,1,2,448
139,1,4,271
139,1,5,210
139,1,6,280
139,1,7,472
139,1,8,282
139,1,9,147
139,1,11,215
139,1,12,116
139,2,1,1264
139,2,2,984
139,2,3,888
139,2,4,478
139,2,5,935
139,2,6,1239
139,2,7,1114
139,2,8,1216
139,2,9,1300
139,2,10,955
139,2,11,1501
139,2,12,1164
140,1,1,607
140,1,2,299
140,1,3,576
140,1,5,404
140,1,6,314
140,1,7,408
140,1,8,475
140,1,9,210
140,1,10,312
140,1,11,377
140,1,12,207
140,2,1,878
140,2,2,866
140,2,3,833
140,2,4,1024
140,2,6,1463
140,2,7,1497
140,2,9,1553
140,2,10,907
140,2,11,1121
140,2,12,1617
141,1,1,353
141,1,2,431
141,1,3,733
141,1,4,441
141,1,5,275
141,1,8,319
141,1,9,357
141,1,10,143
141,1,11,319
141,1,12,410
141,2,1,1162
141,2,2,865
141,2,3,1146
141,2,4,765
141,2,5,1166
141,2,6,1167
141,2,7,1329
141,2,8,1585
141,2,9,1289
141,2,10,1058
141,2,11,1251
142,1,1,454
142,1,2,374
142,1,3,593
142,1,4,453
142,1,5,344
142,1,6,714
142,1,7,588
142,1,9,205
142,1,10,331
142,1,11,288
142,1,12,418
142,2,1,1383
142,2,2,970
142,2,3,1295
142,2,4,1028
142,2,5,1442
142,2,6,1206
142,2,7,1345
142,2,8,1071
142,2,10,1158
142,2,11,1037
142,2,12,1694
143,1,1,590
143,1,2,677
143,1,5,541
143,1,6,519
143,1,7,304
143,1,8,408
143,1,9,166
143,1,10,277
143,1,11,256
143,1,12,346
143,2,1,1554
143,2,2,1101
143,2,3,910
143,2,4,1059
143,2,5,1065
143,2,6,1153
143,2,7,1173
143,2,8,1781
143,2,9,914
143,2,10,1341
143,2,11,1583
143,2,12,1218
144,1,1,730
144,1,2,593
144,1,3,409
144,1,4,349
144,1,5,506
144,1,6,553
144,1,7,344
144,1,8,606
144,1,9,175
144,1,10,357
144,1,11,164
144,1,12,311
144,2,1,838
144,2,2,1229
144,2,3,1228
144,2,4,703
144,2,5,1129
144,2,6,1084
144,2,7,1195
144,2,8,1629
144,2,9,1407
144,2,10,1434
144,2,11,1447
144,2,12,1412
145,1,1,561
145,1,3,559
145,1,4,363
145,1,6,922
145,1,8,319
145,1,9,256
145,1,10,482
145,1,11,168
145,1,12,324
145,2,1,999
145,2,2,859
145,2,3,1148
145,2,4,1306
145,2,5,869
145,2,6,1054
145,2,7,1251
145,2,8,1550
145,2,10,1307
145,2,11,1307
146,1,1,265
146,1,2,632
146,1,3,292
146,1,4,362
146,1,5,330
146,1,6,423
146,1,7,520
146,1,8,225
146,1,9,66
146,1,10,203
146,1,11,223
146,1,12,165
146,2,1,1253
146,2,2,1148
146,2,3,1260
146,2,5,1111
146,2,6,1049
146,2,7,1195
146,2,8,1393
146,2,9,1172
146,2,11,1078
146,2,12,1577
147,1,1,495
147,1,2,398
147,1,3,654
147,1,4,656
147,1,5,445
147,1,6,774
147,1,8,411
147,1,9,270
147,1,10,75
147,1,11,406
147,1,12,348
147,2,1,793
147,2,3,752
147,2,4,893
147,2,5,901
147,2,6,1179
147,2,9,1368
147,2,10,917
147,2,11,976
147,2,12,1349
148,1,1,585
148,1,2,717
148,1,3,593
148,1,4,476
148,1,5,567
148,1,6,584
148,1,7,636
148,1,8,224
148,1,10,342
148,1,11,328
148,1,12,321
148,2,1,1062
148,2,2,929
148,2,3,825
148,2,4,934
148,2,5,1128
148,2,6,1500
148,2,7,1259
148,2,8,1329
148,2,9,1472
148,2,10,1068
148,2,11,1749
148,2,12,1576
149,1,1,297
149,1,2,826
149,1,3,241
149,1,4,351
149,1,5,379
149,1,8,463
149,1,9,509
149,1,11,487
149,1,12,263
149,2,1,1044
149,2,2,730
149,2,3,1165
149,2,4,1028
149,2,5,1018
149,2,6,1067
149,2,7,1607
149,2,8,1662
149,2,9,1398
149,2,10,1167
149,2,12,1537
150,1,1,822
150,1,2,583
150,1,3,307
150,1,4,406
150,1,5,399
150,1,6,503
150,1,7,438
150,1,8,323
150,1,9,365
150,1,10,44
150,1,11,398
150,1,12,606
150,2,1,944
150,2,3,1086
150,2,4,779
150,2,5,762
150,2,6,1419
150,2,7,1334
150,2,8,1531
150,2,9,1449
150,2,10,849
150,2,11,2130
150,2,12,1447
151,1,2,341
151,1,3,380
151,1,4,446
151,1,5,461
151,1,6,127
151,1,7,643
151,1,8,469
151,1,9,270
151,1,10,465
151,1,11,221
151,1,12,450
151,2,2,1265
151,2,3,1251
151,2,4,775
151,2,6,996
151,2,7,1524
151,2,8,1334
151,2,9,1485
151,2,10,1369
151,2,11,1208
151,2,12,1984
152,1,2,378
152,1,3,549
152,1,5,452
152,1,6,231
152,1,7,275
152,1,8,466
152,1,9,461
152,1,10,141
152,1,11,260
152,1,12,421
152,2,2,1130
152,2,3,1128
152,2,4,1033
152,2,5,686
152,2,6,1268
152,2,7,1748
152,2,8,1383
152,2,9,1461
152,2,10,1535
152,2,11,1129
152,2,12,1241
153,1,2,304
153,1,3,348
153,1,4,206
153,1,5,327
153,1,6,419
153,1,7,437
153,1,8,335
153,1,9,166
153,1,10,254
153,1,11,149
153,1,12,326
153,2,2,987
153,2,4,1031
153,2,5,1119
153,2,6,1385
153,2,7,1772
153,2,8,1129
153,2,9,1066
153,2,10,1342
153,2,11,1495
153,2,12,1323
154,1,2,428
154,1,3,653
154,1,4,285
154,1,5,577
154,1,6,338
154,1,7,447
154,1,8,447
154,1,9,598
154,1,11,415
154,1,12,275
154,2,2,915
154,2,3,1242
154,2,4,934
154,2,5,1042
154,2,7,1640
154,2,10,1418
154,2,11,1115
155,1,2,565
155,1,3,188
155,1,4,563
155,1,5,538
155,1,6,284
155,1,7,446
155,1,8,704
155,1,9,321
155,1,10,424
155,1,11,187
155,1,12,350
155,2,2,956
155,2,4,1335
155,2,5,638
155,2,6,1348
155,2,8,1522
155,2,11,1489
155,2,12,1192
156,1,2,536
156,1,3,329
156,1,4,328
156,1,5,290
156,1,6,243
156,1,7,384
156,1,8,468
156,1,9,442
156,1,10,204
156,1,11,324
156,1,12,384
156,2,2,867
156,2,4,982
156,2,5,1298
156,2,6,1240
156,2,7,1288
156,2,8,1697
156,2,9,1496
156,2,10,1397
156,2,11,1757
156,2,12,1536
157,1,2,461
157,1,3,329
157,1,4,345
157,1,5,552
157,1,6,218
157,1,7,388
157,1,8,217
157,1,9,264
157,1,10,234
157,1,11,445
157,1,12,239
157,2,3,1138
157,2,4,1161
157,2,5,835
157,2,6,1560
157,2,7,1432
157,2,8,1396
157,2,9,1897
157,2,10,1795
157,2,11,1272
157,2,12,1403
158,1,2,358
158,1,3,429
158,1,4,264
158,1,5,260
158,1,6,497
158,1,7,470
158,1,9,424
158,1,10,400
158,1,11,161
158,1,12,242
158,2,3,1101
158,2,4,1132
158,2,6,810
158,2,8,2127
158,2,9,1302
158,2,10,1384
158,2,11,1374
158,2,12,1358
159,1,2,355
159,1,3,620
159,1,4,582
159,1,5,160
159,1,6,428
159,1,7,265
159,1,8,198
159,1,9,369
159,1,10,36
159,1,12,220
159,2,3,1054
159,2,4,704
159,2,6,1283
159,2,7,1510
159,2,8,1778
159,2,9,1346
159,2,10,1476
159,2,11,1883
159,2,12,1730
160,1,2,604
160,1,3,429
160,1,4,204
160,1,5,256
160,1,6,431
160,1,7,340
160,1,8,416
160,1,9,255
160,1,10,484
160,1,11,263
160,1,12,419
160,2,3,1357
160,2,4,1115
160,2,5,1440
160,2,6,1195
160,2,7,1575
160,2,8,1182
160,2,9,1374
160,2,10,1015
160,2,12,1184
161,1,2,512
161,1,3,503
161,1,4,357
161,1,5,468
161,1,6,332
161,1,7,165
161,1,8,399
161,1,10,215
161,1,11,206
161,1,12,205
161,2,3,1474
161,2,6,1058
161,2,7,1273
161,2,9,1199
161,2,10,1532
161,2,11,993
161,2,12,1272
162,1,3,541
162,1,4,370
162,1,5,423
162,1,6,480
162,1,7,487
162,1,8,542
162,1,9,340
162,1,10,559
162,1,11,459
162,2,3,1174
162,2,4,1035
162,2,5,1132
162,2,6,1737
162,2,8,1201
162,2,9,1093
162,2,10,1423
162,2,11,1879
163,1,3,680
163,1,5,301
163,1,7,478
163,1,8,247
163,1,9,69
163,1,10,292
163,1,11,232
163,1,12,220
163,2,3,1290
163,2,5,923
163,2,6,869
163,2,7,930
163,2,8,1560
163,2,9,1285
163,2,10,1533
163,2,11,1250
163,2,12,1577
164,1,3,468
164,1,4,336
164,1,5,218
164,1,6,346
164,1,7,331
164,1,8,348
164,1,9,329
164,1,10,219
164,1,12,234
164,2,5,964
164,2,6,958
164,2,7,935
164,2,9,1358
164,2,10,1148
164,2,11,1442
164,2,12,1195
165,1,3,604
165,1,4,177
165,1,5,654
165,1,6,426
165,1,7,489
165,1,8,511
165,1,9,158
165,1,10,391
165,1,11,79
165,1,12,349
165,2,4,1130
165,2,5,1474
165,2,6,1461
165,2,7,1320
165,2,8,1914
165,2,11,1663
165,2,12,1771
166,1,3,523
166,1,4,351
166,1,5,277
166,1,7,424
166,1,8,492
166,1,9,183
166,1,10,221
166,1,12,350
166,2,4,770
166,2,5,1587
166,2,6,1203
166,2,7,1372
166,2,9,1007
166,2,11,1282
166,2,12,1592
167,1,3,714
167,1,4,391
167,1,5,431
167,1,6,552
167,1,7,323
167,1,8,391
167,1,9,383
167,1,10,251
167,1,12,345
167,2,4,762
167,2,5,1076
167,2,6,1267
167,2,7,1085
167,2,8,1421
167,2,9,1468
167,2,11,1475
168,1,3,641
168,1,4,480
168,1,5,369
168,1,6,178
168,1,7,508
168,1,8,611
168,1,9,197
168,1,10,308
168,1,11,88
168,1,12,264
168,2,5,1129
168,2,6,1176
168,2,7,1481
168,2,8,1203
168,2,9,1108
168,2,10,1302
169,1,3,680
169,1,4,165
169,1,5,456
169,1,6,553
169,1,8,491
169,1,9,251
169,1,10,227
169,1,11,221
169,1,12,341
169,2,4,1383
169,2,5,997
169,2,7,1444
169,2,8,1681
169,2,9,1171
169,2,10,1401
169,2,11,1305
169,2,12,1721
170,1,4,582
170,1,5,619
170,1,6,281
170,1,7,326
170,1,8,618
170,1,9,439
170,1,10,167
170,1,11,231
170,2,4,929
170,2,5,1194
170,2,6,1464
170,2,7,1021
170,2,8,1322
170,2,9,1039
170,2,10,1661
170,2,11,2061
170,2,12,1745
171,1,4,367
171,1,5,504
171,1,6,306
171,1,9,217
171,1,10,389
171,1,11,155
171,1,12,420
171,2,5,1347
171,2,6,934
171,2,7,1233
171,2,8,1058
171,2,9,1294
171,2,10,785
171,2,11,1580
171,2,12,1657
172,1,4,680
172,1,5,592
172,1,6,238
172,1,7,390
172,1,8,233
172,1,9,442
172,1,10,382
172,1,12,245
172,2,5,1117
172,2,6,1650
172,2,7,1032
172,2,8,780
172,2,9,1018
172,2,10,982
172,2,11,1821
172,2,12,1204
173,1,4,337
173,1,6,206
173,1,7,332
173,1,8,408
173,1,9,289
173,1,10,136
173,1,12,305
173,2,4,1204
173,2,5,741
173,2,6,924
173,2,7,1230
173,2,8,1278
173,2,9,1238
173,2,10,1217
173,2,11,1446
173,2,12,1938
174,1,4,234
174,1,5,317
174,1,7,265
174,1,8,527
174,1,9,377
174,1,10,355
174,1,11,390
174,2,4,811
174,2,5,1172
174,2,6,1406
174,2,7,1084
174,2,8,1052
174,2,9,1326
174,2,10,982
174,2,11,1375
174,2,12,1294
175,1,4,706
175,1,5,329
175,1,6,292
175,1,7,280
175,1,9,192
175,1,10,102
175,1,11,482
175,1,12,231
175,2,4,1295
175,2,5,1072
175,2,6,1074
175,2,7,888
175,2,8,1415
175,2,10,1163
175,2,11,1731
175,2,12,1718
176,1,4,409
176,1,5,150
176,1,6,375
176,1,7,565
176,1,8,198
176,1,9,559
176,1,10,178
176,1,11,357
176,1,12,176
176,2,4,825
176,2,6,941
176,2,7,1949
176,2,8,1571
176,2,9,1510
176,2,10,1165
176,2,11,1819
176,2,12,1386
177,1,5,799
177,1,6,486
177,1,7,608
177,1,8,423
177,1,10,194
177,1,11,115
177,2,4,1093
177,2,5,1248
177,2,6,903
177,2,7,1433
177,2,8,1527
177,2,9,850
177,2,10,1732
177,2,11,1263
177,2,12,2120
178,1,5,383
178,1,6,568
178,1,7,424
178,1,8,443
178,1,9,521
178,1,10,390
178,1,11,560
178,1,12,205
178,2,4,877
178,2,5,1110
178,2,7,1334
178,2,8,1566
178,2,11,1658
179,1,5,419
179,1,6,306
179,1,7,578
179,1,8,210
179,1,9,627
179,1,10,288
179,1,11,295
179,1,12,363
179,2,5,873
179,2,6,1190
179,2,7,1371
179,2,8,1261
179,2,9,1634
179,2,10,1845
179,2,11,1440
179,2,12,1481
180,1,5,488
180,1,6,492
180,1,7,421
180,1,8,64
180,1,10,214
180,1,11,410
180,1,12,374
180,2,5,1437
180,2,6,1508
180,2,7,1363
180,2,8,1105
180,2,9,1098
180,2,10,1516
180,2,11,2043
180,2,12,1630
181,1,5,326
181,1,6,635
181,1,7,608
181,1,8,554
181,1,9,379
181,1,10,304
181,1,11,257
181,1,12,123
181,2,5,1089
181,2,6,1512
181,2,7,1173
181,2,8,1176
181,2,9,1363
181,2,10,919
181,2,11,1263
181,2,12,1728
182,1,5,466
182,1,6,606
182,1,7,315
182,1,8,559
182,1,9,550
182,1,10,231
182,2,5,1213
182,2,7,1073
182,2,8,1219
182,2,9,1465
182,2,10,1300
182,2,11,892
182,2,12,1617
183,1,5,244
183,1,6,422
183,1,7,263
183,1,8,185
183,1,9,408
183,1,10,427
183,1,11,85
183,1,12,578
183,2,5,1266
183,2,6,1447
183,2,7,1027
183,2,8,1148
183,2,9,1017
183,2,10,1766
183,2,11,1414
183,2,12,1406
184,1,5,586
184,1,6,402
184,1,7,119
184,1,8,286
184,1,9,269
184,1,11,329
184,2,5,1076
184,2,6,1053
184,2,7,1290
184,2,9,1791
184,2,11,1796
184,2,12,1063
185,1,5,200
185,1,6,310
185,1,7,325
185,1,8,553
185,1,9,501
185,1,10,190
185,1,11,280
185,1,12,142
185,2,6,957
185,2,7,1107
185,2,8,1133
185,2,9,1489
185,2,10,1491
185,2,11,1478
186,1,5,276
186,1,9,285
186,1,10,378
186,1,12,280
186,2,6,1598
186,2,7,1132
186,2,8,1578
186,2,9,1413
186,2,10,1291
186,2,11,1617
186,2,12,1690
187,1,6,895
187,1,7,226
187,1,8,449
187,1,9,160
187,1,10,278
187,1,11,308
187,1,12,371
187,2,6,1344
187,2,7,963
187,2,8,1299
187,2,9,1468
187,2,10,1084
187,2,11,1204
187,2,12,1481
188,1,6,449
188,1,7,490
188,1,8,316
188,1,9,436
188,1,10,69
188,1,11,406
188,1,12,201
188,2,6,967
188,2,7,1204
188,2,8,1128
188,2,9,1490
188,2,10,1534
188,2,11,1575
188,2,12,1867
189,1,6,351
189,1,7,503
189,1,8,370
189,1,9,409
189,1,10,248
189,1,11,308
189,1,12,261
189,2,6,1167
189,2,7,1298
189,2,8,1094
189,2,10,1545
189,2,11,967
189,2,12,823
190,1,6,505
190,1,7,529
190,1,8,451
190,1,9,283
190,1,10,485
190,1,11,453
190,1,12,341
190,2,6,1311
190,2,7,1558
190,2,8,1203
190,2,9,1595
190,2,10,1021
190,2,11,1199
190,2,12,1641
191,1,6,433
191,1,7,480
191,1,8,211
191,1,9,328
191,1,10,97
191,1,11,574
191,1,12,451
191,2,6,1072
191,2,7,1124
191,2,8,1164
191,2,9,1126
191,2,11,1262
191,2,12,1286
192,1,6,496
192,1,7,578
192,1,9,313
192,1,10,344
192,1,12,338
192,2,6,1215
192,2,7,1307
192,2,8,1336
192,2,9,1543
192,2,10,1398
192,2,11,1775
193,1,6,283
193,1,8,444
193,1,9,492
193,1,10,412
193,1,11,167
193,1,12,325
193,2,6,1169
193,2,8,1051
193,2,9,1136
193,2,10,1145
193,2,12,1695
194,1,6,474
194,1,7,766
194,1,8,391
194,1,9,405
194,1,10,450
194,1,11,196
194,1,12,497
194,2,6,959
194,2,7,1402
194,2,8,1350
194,2,9,1168
194,2,10,1148
194,2,11,1510
194,2,12,1183
195,1,6,241
195,1,7,452
195,1,8,394
195,1,9,616
195,1,10,220
195,1,11,501
195,2,6,1188
195,2,7,763
195,2,8,1503
195,2,9,1450
195,2,10,1292
195,2,11,1222
195,2,12,1725
196,1,6,495
196,1,7,481
196,1,8,330
196,1,9,377
196,1,10,329
196,1,11,597
196,1,12,530
196,2,7,1495
196,2,8,1463
196,2,9,1266
196,2,10,1196
196,2,11,1366
196,2,12,1336
197,1,7,311
197,1,8,718
197,1,9,200
197,1,10,216
197,1,11,349
197,1,12,602
197,2,7,1193
197,2,8,1263
197,2,9,1208
197,2,10,1367
197,2,11,1082
197,2,12,1335
198,1,6,396
198,1,7,473
198,1,8,424
198,1,9,178
198,1,10,321
198,1,11,269
198,1,12,299
198,2,7,1212
198,2,8,1337
198,2,9,1283
198,2,10,1280
198,2,11,1050
198,2,12,1389
199,1,6,189
199,1,7,424
199,1,8,379
199,1,9,450
199,1,10,514
199,1,11,255
199,1,12,242
199,2,7,1211
199,2,8,1051
199,2,9,1543
199,2,10,1003
199,2,11,1052
199,2,12,1578
200,1,6,356
200,1,7,412
200,1,8,295
200,1,9,240
200,1,10,278
200,1,11,187
200,1,12,377
200,2,7,1227
200,2,8,1395
200,2,9,764
200,2,10,608
200,2,11,1178
201,1,6,309
201,1,7,408
201,1,9,627
201,1,10,53
201,1,11,341
201,1,12,512
201,2,7,1243
201,2,8,1247
201,2,9,1701
201,2,11,1315
201,2,12,1428
202,1,6,421
202,1,7,168
202,1,8,387
202,1,9,334
202,1,10,383
202,1,11,205
202,1,12,352
202,2,8,1218
202,2,9,1370
202,2,11,1637
202,2,12,1374
203,1,6,446
203,1,7,572
203,1,8,405
203,1,9,299
203,1,10,321
203,1,11,383
203,1,12,312
203,2,8,1461
203,2,9,1520
203,2,10,886
203,2,11,1440
203,2,12,1933
204,1,7,513
204,1,8,370
204,1,9,315
204,1,10,233
204,1,11,317
204,1,12,367
204,2,8,1037
204,2,9,1456
204,2,10,1424
204,2,11,1291
204,2,12,1753
205,1,7,567
205,1,8,282
205,1,9,511
205,1,10,319
205,1,11,518
205,1,12,209
205,2,8,1400
205,2,9,867
205,2,10,1097
205,2,11,1279
205,2,12,1767
206,1,7,349
206,1,8,87
206,1,9,272
206,1,10,309
206,1,11,331
206,1,12,286
206,2,8,1361
206,2,9,944
206,2,10,1355
206,2,11,1895
207,1,7,436
207,1,8,369
207,1,9,515
207,1,10,265
207,1,11,71
207,1,12,451
207,2,9,1223
207,2,10,1031
207,2,11,1412
207,2,12,1070
208,1,7,342
208,1,8,491
208,1,9,228
208,1,10,289
208,1,11,665
208,1,12,297
208,2,9,953
208,2,10,1078
208,2,11,1254
208,2,12,1525
209,1,7,405
209,1,9,231
209,1,11,109
209,1,12,132
209,2,9,1321
209,2,10,1423
209,2,11,1580
209,2,12,1187
210,1,7,330
210,1,8,389
210,1,9,330
210,1,10,350
210,1,11,328
210,1,12,49
210,2,9,1409
210,2,10,1150
210,2,11,1598
210,2,12,1115
211,1,8,382
211,1,9,407
211,1,10,400
211,1,11,173
211,1,12,402
211,2,9,1211
211,2,10,1342
211,2,11,1369
211,2,12,1283
212,1,8,304
212,1,9,269
212,1,10,232
212,1,11,275
212,1,12,373
212,2,9,1260
212,2,10,1345
212,2,11,1621
212,2,12,1475
213,1,8,234
213,1,9,248
213,1,10,335
213,1,11,285
213,1,12,232
213,2,9,1419
213,2,10,1456
213,2,11,2023
213,2,12,1550
214,1,8,486
214,1,10,150
214,1,11,114
214,1,12,63
214,2,9,1156
214,2,10,985
214,2,11,1484
214,2,12,1999
215,1,8,451
215,1,9,238
215,1,10,75
215,1,11,399
215,2,10,1535
215,2,12,1438
216,1,8,170
216,1,9,267
216,1,10,338
216,1,11,348
216,1,12,577
216,2,9,1718
216,2,10,1107
216,2,11,1880
216,2,12,1950
217,1,8,379
217,1,9,197
217,1,10,202
217,1,11,483
217,1,12,509
217,2,9,1052
217,2,10,1555
217,2,11,1390
217,2,12,1058
218,1,9,255
218,1,10,189
218,1,11,198
218,1,12,299
218,2,9,1333
218,2,10,1344
218,2,11,1151
218,2,12,1318
219,1,8,420
219,1,10,187
219,1,11,301
219,1,12,233
219,2,9,1042
219,2,10,1199
219,2,11,1782
219,2,12,1564
220,1,8,251
220,1,9,341
220,1,10,215
220,1,11,375
220,1,12,386
220,2,9,1481
220,2,10,1646
221,1,9,522
221,1,10,126
221,1,11,283
221,1,12,261
221,2,10,1191
221,2,12,1638
222,1,8,397
222,1,9,509
222,1,10,459
222,1,11,288
222,1,12,305
222,2,10,1996
222,2,11,1238
222,2,12,1605
223,1,8,322
223,1,9,186
223,1,10,111
223,1,11,203
223,1,12,517
223,2,10,1638
223,2,11,850
223,2,12,1205
224,1,9,368
224,1,10,187
224,1,11,331
224,1,12,396
224,2,10,1422
224,2,11,1572
225,1,9,166
225,1,10,427
225,1,11,386
225,1,12,87
225,2,10,1272
225,2,11,1512
226,1,9,329
226,1,10,495
226,1,11,461
226,1,12,378
226,2,10,1451
226,2,11,1519
226,2,12,1152
227,1,9,290
227,1,10,216
227,1,11,418
227,1,12,426
227,2,10,1252
227,2,11,1471
227,2,12,1484
228,1,9,147
228,1,10,472
228,1,12,436
228,2,10,1400
228,2,11,1152
228,2,12,1546
229,1,9,207
229,1,10,214
229,1,11,351
229,1,12,250
229,2,10,1188
229,2,11,1375
229,2,12,1404
230,1,10,308
230,1,11,477
230,2,10,1382
230,2,11,1309
230,2,12,1573
231,1,10,370
231,1,11,297
231,1,12,153
231,2,10,1136
231,2,11,1673
231,2,12,1885
232,1,10,349
232,1,11,165
232,1,12,404
232,2,10,1263
232,2,11,1554
233,1,10,193
233,1,12,265
233,2,10,1482
233,2,11,1327
233,2,12,1255
234,1,10,394
234,1,11,353
234,2,11,1641
234,2,12,875
235,1,10,251
235,1,11,195
235,1,12,220
235,2,11,1765
235,2,12,969
236,1,10,224
236,1,11,197
236,1,12,516
236,2,12,1498
237,1,10,295
237,1,11,152
237,1,12,413
237,2,11,988
237,2,12,1386
238,1,10,291
238,1,11,416
238,1,12,431
238,2,11,1764
238,2,12,1685
239,1,10,67
239,1,11,445
239,1,12,503
239,2,11,1820
239,2,12,1248
240,1,10,424
240,1,11,451
240,2,11,1817
240,2,12,1191
241,1,10,69
241,1,11,327
241,1,12,420
241,2,11,1547
241,2,12,1000
242,1,10,226
242,1,11,283
242,1,12,433
242,2,11,1819
242,2,12,1798
243,1,10,217
243,1,11,176
243,1,12,555
243,2,11,1318
243,2,12,1403
244,1,10,381
244,1,11,228
244,1,12,510
244,2,11,1250
244,2,12,1711
245,1,12,231
245,2,12,1483
246,1,11,537
246,1,12,332
246,2,11,1304
246,2,12,2027
247,1,11,253
247,1,12,187
247,2,11,1355
247,2,12,2041
248,1,11,369
248,2,12,971
249,1,12,275
249,2,12,1527
250,1,11,186
250,1,12,356
250,2,12,2101
251,1,11,177
251,1,12,437
251,2,12,1451
252,1,12,351
252,2,12,1506
253,1,12,293
253,2,12,1088
254,1,12,329
254,2,12,1039
255,2,12,1450
256,1,12,319
257,1,12,374
259,1,12,418
260,1,12,361
261,1,12,171